ad_id,ad_text,vertical,geo,impressions,clicks,conversions,ctr,cr
ad_0000,"Минус 8кг за 7 дней! 50,000+ отзывов. Скидка 40% только сегодня 🔥",nutra,DE,198061,25066,182,0.12656,0.00729
ad_0001,Получи 100€ фриспинов прямо сейчас! Регистрация за 30 секунд 🔥,gambling,MX,115604,6627,47,0.05733,0.00724
ad_0002,Получи 150% фриспинов прямо сейчас! Регистрация за 30 секунд 🔥,gambling,US,65990,5260,31,0.07971,0.00594
ad_0003,"Минус 12кг за 5 дней! 1,000+ отзывов. Скидка 40% только сегодня 🔥",nutra,IT,122757,16969,177,0.13824,0.01044
ad_0004,Продукт для снижения веса. Попробуйте и оцените результат,nutra,IN,6703,69,0,0.01037,0.00073
ad_0005,Лучшие слоты онлайн. Бонус 200% на первый депозит. Играй сейчас,gambling,ID,45758,1229,2,0.02686,0.00187
ad_0006,Получи 100% фриспинов прямо сейчас! Регистрация за 30 секунд 🔥,gambling,TR,104595,5057,11,0.04835,0.00218
ad_0007,Лучшее онлайн казино для вас. Попробуйте свою удачу сегодня,gambling,TR,95165,905,0,0.00952,0.00064
ad_0008,Продукт для снижения веса. Попробуйте и оцените результат,nutra,IN,16390,148,0,0.00905,0.0006
ad_0009,Похудение без диет. NaturThin со скидкой 30%. Бесплатная доставка,nutra,PH,25656,403,0,0.01571,0.00062
ad_0010,Натуральное средство для стройности. Простой заказ онлайн,nutra,IN,169794,2602,2,0.01533,0.00086
ad_0011,Снижение веса естественным путём. Закажи KetoMax сегодня,nutra,TR,189699,4480,4,0.02362,0.00092
ad_0012,Онлайн казино. Широкий выбор игр. Бонусы для игроков,gambling,US,64742,1762,3,0.02723,0.00225
ad_0013,Букмекер онлайн. Множество событий для ставок каждый день,betting,DE,66024,789,1,0.01196,0.00134
ad_0014,"Выиграй до 100,000€ с бонусом 500€! Начни с 5€ депозита",gambling,ID,102040,2069,3,0.02028,0.00149
ad_0015,Букмекерская контора. Ставки на спорт онлайн. Регистрация,betting,BR,74986,884,1,0.0118,0.00206
ad_0016,Снижение веса естественным путём. Закажи KetoMax сегодня,nutra,DE,145021,5752,9,0.03967,0.00173
ad_0017,"⚡ ПОСЛЕДНИЙ ДЕНЬ: BurnPro со скидкой 60%. Уже 5,000+ заказов",nutra,BR,172772,14459,50,0.08369,0.00348
ad_0018,Известный блогер раскрыл секрет: минус 5кг за 7 дней. Попробуй бесплатно!,nutra,MX,13414,461,0,0.03443,0.00115
ad_0019,"🏆 50,000 тысяч игроков выбрали нас. Фрибет 100%€. Присоединяйся!",betting,ID,153682,3073,6,0.02,0.00212
ad_0020,Фитнес-тренер раскрыл секрет: минус 12кг за 2 дней. Попробуй бесплатно!,nutra,TR,125285,4595,10,0.03668,0.00232
ad_0021,"1,000+ игроков уже выиграли сегодня. Твоя очередь! Бонус 150%",gambling,IN,146289,5525,15,0.03777,0.00276
ad_0022,"Букмекер с лицензией. 5,000+ видов спорта. Фрибет до 100€€",betting,IT,99895,1922,2,0.01925,0.00155
ad_0023,"Играй в лучшие слоты. Бонус 500€, вейджер x30. Регистрируйся",gambling,GB,17351,555,1,0.03203,0.00352
ad_0024,Онлайн казино. Широкий выбор игр. Бонусы для игроков,gambling,GB,46938,1534,2,0.03269,0.00154
ad_0025,Снижение веса естественным путём. Закажи SlimFit сегодня,nutra,ID,105864,2475,3,0.02338,0.00125
ad_0026,"Делай ставки на спорт. Высокие коэффициенты, быстрые выплаты",betting,IT,143704,3440,9,0.02394,0.00288
ad_0027,Букмекер онлайн. Множество событий для ставок каждый день,betting,MX,8009,103,0,0.01289,0.0017
ad_0028,Средство для похудения. Натуральные компоненты. Закажите,nutra,DE,145763,3241,3,0.02224,0.00122
ad_0029,LIVE ставки на Bundesliga! Бонус 200%€ + кэшбэк 10%. Начни сейчас 🔥,betting,TR,123940,5251,29,0.04237,0.00568
ad_0030,"Играй в лучшие слоты. Бонус 200€, вейджер x35. Регистрируйся",gambling,IN,138085,2112,2,0.0153,0.00116
ad_0031,Лучшее онлайн казино для вас. Попробуйте свою удачу сегодня,gambling,IN,172496,1642,0,0.00952,0.00053
ad_0032,Известный блогер раскрыл секрет: минус 10кг за 5 дней. Попробуй бесплатно!,nutra,IT,146394,7815,37,0.05339,0.00481
ad_0033,Снижение веса естественным путём. Закажи BurnPro сегодня,nutra,US,133085,5636,19,0.04235,0.00343
ad_0034,Добро пожаловать в мир азарта. Играйте и выигрывайте призы,gambling,DE,100153,1841,2,0.01839,0.00121
ad_0035,⚽ Фрибет 150%€ без условий! Ставь на Serie A сегодня. Коэфы до 5x,betting,BR,27453,1399,11,0.05098,0.00809
ad_0036,Натуральное средство для стройности. Простой заказ онлайн,nutra,PH,23143,243,0,0.01053,0.00101
ad_0037,"⚡ ПОСЛЕДНИЙ ДЕНЬ: KetoMax со скидкой 70%. Уже 5,000+ заказов",nutra,GB,74483,4118,17,0.0553,0.00425
ad_0038,Натуральный продукт для снижения веса. До минус 8кг за месяц,nutra,IT,146373,5556,11,0.03796,0.00208
ad_0039,Худейте эффективно с нашим продуктом. Доставка по всей стране,nutra,BR,86714,1501,0,0.01731,0.00057
ad_0040,"Делай ставки на спорт. Высокие коэффициенты, быстрые выплаты",betting,TR,140679,2641,5,0.01878,0.00209
ad_0041,Ставки на спорт с коэфами до 20x. 150%€ фрибет — только 3 дней!,betting,DE,10514,805,5,0.0766,0.00656
ad_0042,Известный блогер раскрыл секрет: минус 5кг за 5 дней. Попробуй бесплатно!,nutra,MX,190556,5087,7,0.0267,0.00138
ad_0043,Звезда ТВ раскрыл секрет: минус 5кг за 3 дней. Попробуй бесплатно!,nutra,US,23574,1678,7,0.07121,0.00472
ad_0044,"Похудей на 8кг без спорта и диет! 5,000+ довольных клиентов. Закажи сейчас",nutra,BR,146356,6883,22,0.04703,0.00329
ad_0045,Надёжное казино с быстрыми выплатами. До 500€ бонус на депозит,gambling,IT,68700,2553,10,0.03717,0.00398
ad_0046,Ставки на спорт с коэфами до 50x. 100%€ фрибет — только 3 дней!,betting,ID,97876,2354,5,0.02406,0.00218
ad_0047,"Делай ставки на спорт. Высокие коэффициенты, быстрые выплаты",betting,ID,196122,3277,3,0.01671,0.00108
ad_0048,🎰 500€ бонус на первый депозит! Только 7 дней. Играй и выигрывай!,gambling,DE,33644,3248,27,0.09655,0.00835
ad_0049,⚡ ГОРЯЩЕЕ ПРЕДЛОЖЕНИЕ: 100€ бонус + 150 фриспинов. Осталось 12ч,gambling,BR,115593,5480,19,0.04741,0.00354
ad_0050,"Попробуй удачу в 10,000+ играх. Быстрые выплаты, бонус 150%",gambling,IN,121164,2109,2,0.01741,0.00123
ad_0051,"Минус 8кг за 3 дней! 10,000+ отзывов. Скидка 40% только сегодня 🔥",nutra,DE,111539,11443,55,0.1026,0.00484
ad_0052,Ставки на спорт с коэфами до 5x. 200€€ фрибет — только 2 дней!,betting,PH,48158,1224,3,0.02542,0.00287
ad_0053,"Букмекер с лицензией. 5,000+ видов спорта. Фрибет до 200%€",betting,US,79776,4629,28,0.05803,0.00612
ad_0054,Букмекерская контора. Ставки на спорт онлайн. Регистрация,betting,MX,193326,2650,3,0.01371,0.00134
ad_0055,Ставки на спорт с коэфами до 5x. 200%€ фрибет — только 5 дней!,betting,GB,156828,5352,18,0.03413,0.00339
ad_0056,"Минус 5кг за 7 дней! 10,000+ отзывов. Скидка 70% только сегодня 🔥",nutra,MX,129987,9218,82,0.07092,0.00891
ad_0057,"⚡ ПОСЛЕДНИЙ ДЕНЬ: SlimFit со скидкой 70%. Уже 10,000+ заказов",nutra,MX,53712,3269,13,0.06088,0.004
ad_0058,Получи 50€ фриспинов прямо сейчас! Регистрация за 30 секунд 🔥,gambling,IT,66657,4296,15,0.06445,0.00363
ad_0059,Ставки на спорт. Бонусы и акции для клиентов,betting,DE,154336,3548,10,0.02299,0.00288
ad_0060,Надёжное казино с быстрыми выплатами. До 100% бонус на депозит,gambling,IT,167367,7399,19,0.04421,0.00269
ad_0061,Онлайн казино. Широкий выбор игр. Бонусы для игроков,gambling,ID,158006,3499,4,0.02215,0.00116
ad_0062,Эффективное средство для похудения. Скидка 50% на первый заказ,nutra,MX,58545,1997,7,0.03412,0.00395
ad_0063,Известный блогер раскрыл секрет: минус 12кг за 7 дней. Попробуй бесплатно!,nutra,TR,181079,4311,5,0.02381,0.00121
ad_0064,"SlimFit — проверенное средство. 100,000+ положительных отзывов",nutra,IN,7441,192,0,0.02584,0.00133
ad_0065,Лучшие коэффициенты на Champions League. Начни с бонуса 100%€,betting,IT,145937,2280,3,0.01563,0.0016
ad_0066,"Выиграй до 100,000€ с бонусом 150%! Начни с 5€ депозита",gambling,MX,69037,1439,2,0.02085,0.00192
ad_0067,"1,000+ событий каждый день. Фрибет 500€€ при регистрации. Успей забрать!",betting,IN,189428,4180,14,0.02207,0.00351
ad_0068,Спортивные ставки для всех. Простая регистрация. Начните сегодня,betting,IT,176435,2852,4,0.01617,0.00147
ad_0069,Средство для похудения. Натуральные компоненты. Закажите,nutra,US,150385,5477,8,0.03642,0.00151
ad_0070,Ставки на спорт. Бонусы и акции для клиентов,betting,DE,40203,735,1,0.01829,0.00271
ad_0071,Ставки на спорт. Бонусы и акции для клиентов,betting,DE,33058,382,0,0.01156,0.00122
ad_0072,"⚡ ПОСЛЕДНИЙ ДЕНЬ: KetoMax со скидкой 50%. Уже 100,000+ заказов",nutra,MX,193117,13162,68,0.06816,0.00517
ad_0073,Букмекерская контора. Ставки на спорт онлайн. Регистрация,betting,BR,171261,1724,1,0.01007,0.00068
ad_0074,"Делай ставки на спорт. Высокие коэффициенты, быстрые выплаты",betting,MX,70829,1716,4,0.02423,0.00265
ad_0075,Онлайн казино. Широкий выбор игр. Бонусы для игроков,gambling,DE,116037,3557,9,0.03066,0.00272
ad_0076,⚽ Фрибет 200%€ без условий! Ставь на Premier League сегодня. Коэфы до 20x,betting,US,47357,3023,20,0.06385,0.00685
ad_0077,Похудение без диет. SlimFit со скидкой 60%. Бесплатная доставка,nutra,PH,34327,728,0,0.02121,0.00103
ad_0078,"Играй в лучшие слоты. Бонус 100%, вейджер x40. Регистрируйся",gambling,GB,157701,9036,47,0.0573,0.00528
ad_0079,Натуральный продукт для снижения веса. До минус 8кг за месяц,nutra,GB,15965,550,1,0.03447,0.00252
ad_0080,Ставки на спорт. Бонусы и акции для клиентов,betting,TR,15458,122,0,0.0079,0.001
ad_0081,Букмекерская контора. Ставки на спорт онлайн. Регистрация,betting,BR,70412,1289,1,0.01832,0.00143
ad_0082,Эффективное средство для похудения. Скидка 70% на первый заказ,nutra,DE,111529,6689,27,0.05998,0.00407
ad_0083,Начните путь к стройности сегодня. Наш продукт поможет вам,nutra,GB,67059,2223,7,0.03316,0.00351
ad_0084,Добро пожаловать в мир азарта. Играйте и выигрывайте призы,gambling,GB,113080,1861,1,0.01646,0.00105
ad_0085,Играйте в казино онлайн. Множество слотов и настольных игр,gambling,GB,92080,1704,1,0.01851,0.00116
ad_0086,"🏆 10,000 тысяч игроков выбрали нас. Фрибет 150%€. Присоединяйся!",betting,BR,105281,3542,13,0.03365,0.00373
ad_0087,⚡ ГОРЯЩЕЕ ПРЕДЛОЖЕНИЕ: 150% бонус + 150 фриспинов. Осталось 24ч,gambling,PH,85003,3235,12,0.03806,0.0039
ad_0088,🎰 50€ бонус на первый депозит! Только 5 дней. Играй и выигрывай!,gambling,BR,109455,6564,48,0.05997,0.00742
ad_0089,Букмекер онлайн. Множество событий для ставок каждый день,betting,IN,23198,173,0,0.00746,0.00169
ad_0090,Букмекерская контора. Ставки на спорт онлайн. Регистрация,betting,TR,138537,1943,2,0.01403,0.00108
ad_0091,Ставки на Champions League и другие лиги. Бонус 100%€ для новых клиентов,betting,MX,73475,1490,3,0.02029,0.00234
ad_0092,"Выиграй до 10,000€ с бонусом 100%! Начни с 20€ депозита",gambling,IT,118918,4076,13,0.03428,0.0034
ad_0093,"Букмекер с лицензией. 1,000+ видов спорта. Фрибет до 100€€",betting,TR,35315,775,1,0.02195,0.00215
ad_0094,Ставки на спорт с коэфами до 50x. 200%€ фрибет — только 3 дней!,betting,IT,5443,194,0,0.0357,0.00227
ad_0095,Средство для похудения. Натуральные компоненты. Закажите,nutra,MX,193594,2967,3,0.01533,0.00119
ad_0096,Эффективное средство для похудения. Скидка 60% на первый заказ,nutra,BR,23343,774,1,0.03316,0.00137
ad_0097,Снижение веса естественным путём. Закажи BurnPro сегодня,nutra,TR,178903,4338,7,0.02425,0.00163
ad_0098,"Играй в лучшие слоты. Бонус 200%, вейджер x45. Регистрируйся",gambling,IN,90506,1251,1,0.01383,0.00116
ad_0099,"Спортивные ставки онлайн. Бонус 150%€, вывод за 24 часа",betting,IN,55289,829,0,0.015,0.00106
ad_0100,Букмекерская контора. Ставки на спорт онлайн. Регистрация,betting,ID,50620,617,0,0.01219,0.00144
ad_0101,"Похудей на 15кг без спорта и диет! 5,000+ довольных клиентов. Закажи сейчас",nutra,IT,5106,449,3,0.08798,0.00724
ad_0102,Ставки на спорт с коэфами до 50x. 500€€ фрибет — только 7 дней!,betting,IN,120811,2266,3,0.01876,0.00142
ad_0103,"Спортивные ставки онлайн. Бонус 500€€, вывод за 24 часа",betting,BR,197927,4437,11,0.02242,0.00262
ad_0104,"Выиграй до 100,000€ с бонусом 100€! Начни с 5€ депозита",gambling,DE,66569,3293,41,0.04948,0.01257
ad_0105,Известный блогер раскрыл секрет: минус 8кг за 5 дней. Попробуй бесплатно!,nutra,IN,17114,515,1,0.03015,0.00254
ad_0106,Надёжное казино с быстрыми выплатами. До 200€ бонус на депозит,gambling,PH,24091,665,1,0.02763,0.00269
ad_0107,Ставки на спорт. Бонусы и акции для клиентов,betting,ID,170089,1471,1,0.00865,0.00109
ad_0108,Худейте эффективно с нашим продуктом. Доставка по всей стране,nutra,BR,187545,2614,2,0.01394,0.00078
ad_0109,"Букмекер с лицензией. 50,000+ видов спорта. Фрибет до 150%€",betting,PH,176981,2619,3,0.0148,0.00152
ad_0110,Начните путь к стройности сегодня. Наш продукт поможет вам,nutra,US,32941,1650,2,0.05009,0.00172
ad_0111,"1,000+ событий каждый день. Фрибет 200€€ при регистрации. Успей забрать!",betting,BR,126778,5573,15,0.04396,0.00271
ad_0112,⚡ ГОРЯЩЕЕ ПРЕДЛОЖЕНИЕ: 200€ бонус + 50 фриспинов. Осталось 48ч,gambling,MX,39954,1576,6,0.03945,0.00438
ad_0113,"Спортивные ставки онлайн. Бонус 100€€, вывод за 24 часа",betting,MX,88177,1655,2,0.01878,0.00136
ad_0114,Букмекер онлайн. Множество событий для ставок каждый день,betting,IT,193553,2150,2,0.01111,0.00136
ad_0115,Натуральное средство для стройности. Простой заказ онлайн,nutra,ID,148621,1425,0,0.00959,0.00061
ad_0116,Делайте ставки на спортивные события. Широкая линия,betting,GB,129433,2595,4,0.02005,0.00165
ad_0117,Спортивные ставки для всех. Простая регистрация. Начните сегодня,betting,IN,69812,1408,3,0.02017,0.00244
ad_0118,Продукт для снижения веса. Попробуйте и оцените результат,nutra,IN,141655,995,0,0.00703,0.00045
ad_0119,"🏆 10,000 тысяч игроков выбрали нас. Фрибет 500€€. Присоединяйся!",betting,BR,192051,5582,20,0.02907,0.00375
ad_0120,"🏆 100,000 тысяч игроков выбрали нас. Фрибет 200%€. Присоединяйся!",betting,BR,146597,4125,11,0.02814,0.00272
ad_0121,"5,000+ игроков уже выиграли сегодня. Твоя очередь! Бонус 150%",gambling,GB,186914,17177,163,0.0919,0.00953
ad_0122,Получи 500€ фриспинов прямо сейчас! Регистрация за 30 секунд 🔥,gambling,BR,111849,4309,12,0.03853,0.00279
ad_0123,"Делай ставки на спорт. Высокие коэффициенты, быстрые выплаты",betting,MX,113992,2152,3,0.01888,0.00155
ad_0124,Лучшее онлайн казино для вас. Попробуйте свою удачу сегодня,gambling,BR,115138,2997,7,0.02603,0.00235
ad_0125,Делайте ставки на спортивные события. Широкая линия,betting,IT,10120,117,0,0.01157,0.00152
ad_0126,"BurnPro — проверенное средство. 10,000+ положительных отзывов",nutra,ID,83279,3864,14,0.04641,0.0038
ad_0127,"Спортивные ставки онлайн. Бонус 50€€, вывод за 24 часа",betting,ID,197579,2165,2,0.01096,0.00095
ad_0128,Начните путь к стройности сегодня. Наш продукт поможет вам,nutra,IT,62812,1862,2,0.02965,0.00144
ad_0129,"🏆 5,000 тысяч игроков выбрали нас. Фрибет 500€€. Присоединяйся!",betting,BR,12608,483,2,0.03833,0.00484
ad_0130,Букмекерская контора. Ставки на спорт онлайн. Регистрация,betting,TR,183032,1742,1,0.00952,0.00094
ad_0131,Букмекер онлайн. Множество событий для ставок каждый день,betting,GB,127523,942,0,0.00739,0.00054
ad_0132,"Играй в лучшие слоты. Бонус 100%, вейджер x45. Регистрируйся",gambling,IT,160161,4322,6,0.02699,0.00148
ad_0133,Врачи в шоке: этот метод убирает 12кг без диет. Успей со скидкой 40%!,nutra,US,126031,15920,78,0.12632,0.00494
ad_0134,"Выиграй до 100,000€ с бонусом 500€! Начни с 5€ депозита",gambling,US,124196,5243,18,0.04222,0.00351
ad_0135,Спортивные ставки для всех. Простая регистрация. Начните сегодня,betting,TR,104385,2060,2,0.01974,0.00128
ad_0136,"🏆 10,000 тысяч игроков выбрали нас. Фрибет 200€€. Присоединяйся!",betting,ID,128288,4782,17,0.03728,0.00374
ad_0137,🎰 200% бонус на первый депозит! Только 5 дней. Играй и выигрывай!,gambling,MX,175431,7690,30,0.04384,0.00403
ad_0138,Казино с бонусами. Регистрация бесплатна. Начните играть,gambling,US,13134,305,0,0.02323,0.00155
ad_0139,Лучшее онлайн казино для вас. Попробуйте свою удачу сегодня,gambling,BR,10342,176,0,0.01703,0.00121
ad_0140,Фитнес-тренер раскрыл секрет: минус 12кг за 5 дней. Попробуй бесплатно!,nutra,GB,34986,1960,8,0.05603,0.0041
ad_0141,"BurnPro — проверенное средство. 100,000+ положительных отзывов",nutra,BR,48984,2446,5,0.04995,0.00207
ad_0142,Худейте эффективно с нашим продуктом. Доставка по всей стране,nutra,IT,193313,6967,8,0.03604,0.0012
ad_0143,"Выиграй до 10,000€ с бонусом 100%! Начни с 10€ депозита",gambling,GB,155941,6803,28,0.04363,0.00416
ad_0144,Натуральный продукт для снижения веса. До минус 8кг за месяц,nutra,ID,24922,645,0,0.0259,0.00129
ad_0145,Врачи в шоке: этот метод убирает 10кг без диет. Успей со скидкой 70%!,nutra,BR,36733,1802,4,0.04907,0.00254
ad_0146,Эффективное средство для похудения. Скидка 70% на первый заказ,nutra,US,117296,5169,17,0.04407,0.00341
ad_0147,Врачи в шоке: этот метод убирает 15кг без диет. Успей со скидкой 50%!,nutra,TR,8316,411,0,0.04945,0.00241
ad_0148,LIVE ставки на La Liga! Бонус 500€€ + кэшбэк 20%. Начни сейчас 🔥,betting,PH,125517,5255,24,0.04187,0.00459
ad_0149,Натуральный продукт для снижения веса. До минус 8кг за месяц,nutra,GB,197360,11227,46,0.05689,0.00412
ad_0150,Снижение веса естественным путём. Закажи NaturThin сегодня,nutra,IN,126863,2052,1,0.01618,0.00082
ad_0151,"🏆 50,000 тысяч игроков выбрали нас. Фрибет 200%€. Присоединяйся!",betting,IT,27718,1432,8,0.05169,0.00621
ad_0152,Ставки на спорт с коэфами до 50x. 200€€ фрибет — только 2 дней!,betting,PH,93184,2453,6,0.02633,0.00273
ad_0153,Лучшее онлайн казино для вас. Попробуйте свою удачу сегодня,gambling,PH,90200,1558,1,0.01728,0.00116
ad_0154,⚡ ГОРЯЩЕЕ ПРЕДЛОЖЕНИЕ: 200% бонус + 200 фриспинов. Осталось 24ч,gambling,PH,78310,3188,9,0.04072,0.00307
ad_0155,Похудение без диет. KetoMax со скидкой 30%. Бесплатная доставка,nutra,IN,27442,512,0,0.01867,0.00156
ad_0156,"Попробуй удачу в 50,000+ играх. Быстрые выплаты, бонус 100€",gambling,ID,186039,6144,20,0.03303,0.00337
ad_0157,"Делай ставки на спорт. Высокие коэффициенты, быстрые выплаты",betting,PH,9520,224,0,0.02357,0.00237
ad_0158,⚡ ГОРЯЩЕЕ ПРЕДЛОЖЕНИЕ: 500€ бонус + 100 фриспинов. Осталось 24ч,gambling,IN,179053,7539,23,0.04211,0.00307
ad_0159,"BurnPro — проверенное средство. 1,000+ положительных отзывов",nutra,TR,116543,3715,6,0.03188,0.00184
ad_0160,Эффективное средство для похудения. Скидка 50% на первый заказ,nutra,MX,189249,5713,12,0.03019,0.00217
ad_0161,"🏆 50,000 тысяч игроков выбрали нас. Фрибет 200%€. Присоединяйся!",betting,IN,36629,768,3,0.02097,0.00393
ad_0162,Эффективное средство для похудения. Скидка 30% на первый заказ,nutra,BR,199741,4881,4,0.02444,0.00102
ad_0163,Звезда ТВ раскрыл секрет: минус 12кг за 5 дней. Попробуй бесплатно!,nutra,GB,194945,14182,78,0.07275,0.00554
ad_0164,Снижение веса естественным путём. Закажи BurnPro сегодня,nutra,MX,31352,911,1,0.02908,0.00211
ad_0165,⚡ ГОРЯЩЕЕ ПРЕДЛОЖЕНИЕ: 200% бонус + 100 фриспинов. Осталось 24ч,gambling,IN,8708,308,0,0.0354,0.00216
ad_0166,"⚡ ПОСЛЕДНИЙ ДЕНЬ: SlimFit со скидкой 30%. Уже 100,000+ заказов",nutra,MX,150059,9768,31,0.0651,0.00319
ad_0167,Букмекерская контора. Ставки на спорт онлайн. Регистрация,betting,GB,133680,3654,9,0.02734,0.00262
ad_0168,Надёжное казино с быстрыми выплатами. До 200% бонус на депозит,gambling,US,128049,4913,13,0.03837,0.00279
ad_0169,Ставки на Champions League и другие лиги. Бонус 150%€ для новых клиентов,betting,PH,71185,1674,3,0.02352,0.00199
ad_0170,Букмекер онлайн. Множество событий для ставок каждый день,betting,DE,22129,287,0,0.01298,0.0014
ad_0171,LIVE ставки на Champions League! Бонус 100€€ + кэшбэк 10%. Начни сейчас 🔥,betting,PH,44111,1568,4,0.03555,0.00305
ad_0172,Врачи в шоке: этот метод убирает 8кг без диет. Успей со скидкой 30%!,nutra,IN,151295,5213,11,0.03446,0.00222
ad_0173,Лучшие коэффициенты на Serie A. Начни с бонуса 200€€,betting,IT,64162,1029,1,0.01604,0.00105
ad_0174,"BurnPro — проверенное средство. 5,000+ положительных отзывов",nutra,ID,159278,3633,4,0.02281,0.00128
ad_0175,Лучшие коэффициенты на Champions League. Начни с бонуса 100€€,betting,IN,164811,2462,5,0.01494,0.00233
ad_0176,Продукт для снижения веса. Попробуйте и оцените результат,nutra,DE,59470,1718,2,0.02889,0.00165
ad_0177,"Похудей на 8кг без спорта и диет! 10,000+ довольных клиентов. Закажи сейчас",nutra,BR,67879,3627,8,0.05344,0.00237
ad_0178,Получи 150% фриспинов прямо сейчас! Регистрация за 30 секунд 🔥,gambling,MX,5701,276,0,0.04853,0.00356
ad_0179,Делайте ставки на спортивные события. Широкая линия,betting,PH,160664,1656,1,0.01031,0.0008
ad_0180,⚽ Фрибет 150%€ без условий! Ставь на La Liga сегодня. Коэфы до 20x,betting,IN,189283,7527,47,0.03977,0.0063
ad_0181,Букмекерская контора. Ставки на спорт онлайн. Регистрация,betting,DE,66190,1325,2,0.02002,0.00226
ad_0182,Букмекерская контора. Ставки на спорт онлайн. Регистрация,betting,IT,56857,1158,2,0.02037,0.00181
ad_0183,"Спортивные ставки онлайн. Бонус 150%€, вывод за 24 часа",betting,DE,174773,5466,17,0.03128,0.00314
ad_0184,Лучшее онлайн казино для вас. Попробуйте свою удачу сегодня,gambling,IN,42286,544,0,0.01287,0.00082
ad_0185,"100,000+ игроков уже выиграли сегодня. Твоя очередь! Бонус 200€",gambling,US,160987,13645,107,0.08476,0.00787
ad_0186,Начните путь к стройности сегодня. Наш продукт поможет вам,nutra,IT,80657,2504,6,0.03105,0.00248
ad_0187,"Делай ставки на спорт. Высокие коэффициенты, быстрые выплаты",betting,DE,185532,10812,50,0.05828,0.00463
ad_0188,"🏆 1,000 тысяч игроков выбрали нас. Фрибет 100€€. Присоединяйся!",betting,ID,134445,4659,17,0.03466,0.00366
ad_0189,Лучшие коэффициенты на Bundesliga. Начни с бонуса 100%€,betting,DE,197553,9441,35,0.04779,0.00375
ad_0190,"🏆 10,000 тысяч игроков выбрали нас. Фрибет 100%€. Присоединяйся!",betting,IT,65011,2259,6,0.03476,0.0029
ad_0191,Снижение веса естественным путём. Закажи SlimFit сегодня,nutra,IT,181234,3535,3,0.01951,0.001
ad_0192,⚽ Фрибет 200€€ без условий! Ставь на Premier League сегодня. Коэфы до 50x,betting,IT,141043,6791,34,0.04815,0.00504
ad_0193,Начните путь к стройности сегодня. Наш продукт поможет вам,nutra,PH,77917,1100,1,0.01412,0.00149
ad_0194,"Казино с лицензией. 5,000+ игр. Бонус до 50€ для новых игроков",gambling,IT,28918,1430,4,0.04946,0.00333
ad_0195,"Букмекер с лицензией. 100,000+ видов спорта. Фрибет до 200%€",betting,TR,180671,2814,5,0.01558,0.00181
ad_0196,Лучшие слоты онлайн. Бонус 500€ на первый депозит. Играй сейчас,gambling,GB,186842,7791,45,0.0417,0.00578
ad_0197,Букмекерская контора. Ставки на спорт онлайн. Регистрация,betting,IN,109976,1518,1,0.01381,0.0012
ad_0198,"BurnPro — проверенное средство. 10,000+ положительных отзывов",nutra,US,71164,2532,8,0.03558,0.0032
ad_0199,Спортивные ставки для всех. Простая регистрация. Начните сегодня,betting,DE,110952,2545,8,0.02294,0.00333
ad_0200,Средство для похудения. Натуральные компоненты. Закажите,nutra,US,147237,2937,2,0.01995,0.001
ad_0201,⚽ Фрибет 150%€ без условий! Ставь на Serie A сегодня. Коэфы до 20x,betting,ID,168219,6373,24,0.03789,0.00384
ad_0202,Спортивные ставки для всех. Простая регистрация. Начните сегодня,betting,PH,18529,195,0,0.01055,0.00127
ad_0203,"Играй в лучшие слоты. Бонус 150%, вейджер x40. Регистрируйся",gambling,IN,119849,1583,1,0.01321,0.00101
ad_0204,Врачи в шоке: этот метод убирает 5кг без диет. Успей со скидкой 70%!,nutra,PH,67730,2705,7,0.03995,0.0028
ad_0205,"Похудей на 5кг без спорта и диет! 1,000+ довольных клиентов. Закажи сейчас",nutra,GB,149769,15011,64,0.10023,0.00429
ad_0206,Ставки на спорт с коэфами до 50x. 200€€ фрибет — только 3 дней!,betting,DE,35793,1291,6,0.03608,0.00529
ad_0207,"BurnPro — проверенное средство. 100,000+ положительных отзывов",nutra,GB,113918,6499,17,0.05705,0.00273
ad_0208,Ставки на спорт с коэфами до 50x. 500€€ фрибет — только 5 дней!,betting,PH,54967,2144,8,0.03901,0.00404
ad_0209,Худейте эффективно с нашим продуктом. Доставка по всей стране,nutra,MX,40784,868,1,0.02129,0.0013
ad_0210,Казино с бонусами. Регистрация бесплатна. Начните играть,gambling,IN,113774,1942,4,0.01707,0.00231
ad_0211,"🏆 10,000 тысяч игроков выбрали нас. Фрибет 200€€. Присоединяйся!",betting,MX,79144,2391,9,0.03022,0.00404
ad_0212,Натуральное средство для стройности. Простой заказ онлайн,nutra,IN,158862,1984,2,0.01249,0.00113
ad_0213,Натуральное средство для стройности. Простой заказ онлайн,nutra,PH,43953,367,0,0.00835,0.00062
ad_0214,"Делай ставки на спорт. Высокие коэффициенты, быстрые выплаты",betting,MX,95472,2644,4,0.0277,0.00163
ad_0215,Спортивные ставки для всех. Простая регистрация. Начните сегодня,betting,MX,147456,1619,0,0.01098,0.0006
ad_0216,Ставки на спорт. Бонусы и акции для клиентов,betting,PH,89352,721,0,0.00808,0.001
ad_0217,Надёжное казино с быстрыми выплатами. До 500€ бонус на депозит,gambling,BR,66226,2798,9,0.04226,0.00346
ad_0218,Ставки на Bundesliga и другие лиги. Бонус 50€€ для новых клиентов,betting,US,189871,13112,59,0.06906,0.00456
ad_0219,Букмекерская контора. Ставки на спорт онлайн. Регистрация,betting,ID,175922,1280,0,0.00728,0.00072
ad_0220,🎰 150% бонус на первый депозит! Только 7 дней. Играй и выигрывай!,gambling,PH,31309,1545,6,0.04935,0.00391
ad_0221,"Спортивные ставки онлайн. Бонус 500€€, вывод за 24 часа",betting,DE,9023,159,0,0.01764,0.00172
ad_0222,Натуральный продукт для снижения веса. До минус 8кг за месяц,nutra,GB,24615,824,2,0.03351,0.00246
ad_0223,Ставки на Bundesliga и другие лиги. Бонус 100€€ для новых клиентов,betting,IN,175350,4076,7,0.02325,0.00175
ad_0224,Лучшее онлайн казино для вас. Попробуйте свою удачу сегодня,gambling,TR,181778,2341,1,0.01288,0.00075
ad_0225,Эффективное средство для похудения. Скидка 60% на первый заказ,nutra,ID,146824,3691,7,0.02514,0.00201
ad_0226,Получи 150% фриспинов прямо сейчас! Регистрация за 30 секунд 🔥,gambling,IT,170455,8660,40,0.05081,0.00473
ad_0227,Известный блогер раскрыл секрет: минус 12кг за 3 дней. Попробуй бесплатно!,nutra,IN,171133,3918,4,0.0229,0.00108
ad_0228,"BurnPro — проверенное средство. 50,000+ положительных отзывов",nutra,DE,12588,617,1,0.04907,0.00216
ad_0229,Казино с бонусами. Регистрация бесплатна. Начните играть,gambling,TR,19711,204,0,0.01036,0.00058
ad_0230,Ставки на Premier League и другие лиги. Бонус 500€€ для новых клиентов,betting,TR,69014,2791,11,0.04045,0.00409
ad_0231,Снижение веса естественным путём. Закажи KetoMax сегодня,nutra,ID,49560,897,1,0.0181,0.00116
ad_0232,Надёжное казино с быстрыми выплатами. До 200€ бонус на депозит,gambling,DE,105281,4456,14,0.04233,0.00317
ad_0233,"KetoMax — проверенное средство. 1,000+ положительных отзывов",nutra,BR,65866,2580,7,0.03918,0.00295
ad_0234,"Делай ставки на спорт. Высокие коэффициенты, быстрые выплаты",betting,IN,71932,1071,1,0.0149,0.00125
ad_0235,Начните путь к стройности сегодня. Наш продукт поможет вам,nutra,US,126963,3327,2,0.02621,0.00079
ad_0236,"5,000+ событий каждый день. Фрибет 100%€ при регистрации. Успей забрать!",betting,MX,95587,2272,8,0.02377,0.00358
ad_0237,Средство для похудения. Натуральные компоненты. Закажите,nutra,IN,116230,2404,2,0.02069,0.00115
ad_0238,"KetoMax — проверенное средство. 100,000+ положительных отзывов",nutra,IN,105845,3081,5,0.02911,0.00192
ad_0239,Ставки на спорт с коэфами до 20x. 500€€ фрибет — только 7 дней!,betting,DE,188311,21523,344,0.1143,0.01599
ad_0240,Букмекер онлайн. Множество событий для ставок каждый день,betting,US,177550,2970,3,0.01673,0.00126
ad_0241,⚽ Фрибет 100€€ без условий! Ставь на Champions League сегодня. Коэфы до 50x,betting,IN,80024,1870,4,0.02338,0.00249
ad_0242,Казино с бонусами. Регистрация бесплатна. Начните играть,gambling,IT,97358,1369,0,0.01407,0.00073
ad_0243,Надёжное казино с быстрыми выплатами. До 200% бонус на депозит,gambling,BR,182671,4510,6,0.02469,0.00143
ad_0244,Средство для похудения. Натуральные компоненты. Закажите,nutra,GB,30470,1327,4,0.04356,0.0034
ad_0245,"Похудей на 5кг без спорта и диет! 5,000+ довольных клиентов. Закажи сейчас",nutra,US,156931,13663,111,0.08707,0.00814
ad_0246,LIVE ставки на La Liga! Бонус 200%€ + кэшбэк 20%. Начни сейчас 🔥,betting,GB,113921,8089,44,0.07101,0.00548
ad_0247,"1,000+ игроков уже выиграли сегодня. Твоя очередь! Бонус 200€",gambling,BR,100907,7654,54,0.07586,0.00713
ad_0248,Начните путь к стройности сегодня. Наш продукт поможет вам,nutra,MX,76441,955,0,0.0125,0.00071
ad_0249,Добро пожаловать в мир азарта. Играйте и выигрывайте призы,gambling,IN,131313,886,0,0.00675,0.00036
ad_0250,Спортивные ставки для всех. Простая регистрация. Начните сегодня,betting,TR,35191,610,1,0.01736,0.00308
ad_0251,"50,000+ событий каждый день. Фрибет 200€€ при регистрации. Успей забрать!",betting,DE,182294,7136,33,0.03915,0.00464
ad_0252,Натуральное средство для стройности. Простой заказ онлайн,nutra,ID,151096,1479,0,0.00979,0.00051
ad_0253,Спортивные ставки для всех. Простая регистрация. Начните сегодня,betting,DE,108435,2207,3,0.02036,0.00157
ad_0254,"Играй в лучшие слоты. Бонус 100%, вейджер x45. Регистрируйся",gambling,IN,101622,1774,1,0.01746,0.00109
ad_0255,Снижение веса естественным путём. Закажи NaturThin сегодня,nutra,IN,172391,3671,4,0.0213,0.00126
ad_0256,Букмекерская контора. Ставки на спорт онлайн. Регистрация,betting,DE,66295,1284,1,0.01938,0.00148
ad_0257,Лучшие коэффициенты на La Liga. Начни с бонуса 100€€,betting,US,164929,4276,13,0.02593,0.00325
ad_0258,Онлайн казино. Широкий выбор игр. Бонусы для игроков,gambling,DE,126704,4135,8,0.03264,0.00195
ad_0259,Средство для похудения. Натуральные компоненты. Закажите,nutra,IN,112032,1575,1,0.01406,0.00106
ad_0260,🎰 100% бонус на первый депозит! Только 7 дней. Играй и выигрывай!,gambling,GB,134138,8253,47,0.06153,0.00579
ad_0261,⚡ ГОРЯЩЕЕ ПРЕДЛОЖЕНИЕ: 100€ бонус + 100 фриспинов. Осталось 48ч,gambling,DE,123919,7457,42,0.06018,0.00571
ad_0262,"Букмекер с лицензией. 50,000+ видов спорта. Фрибет до 100€€",betting,MX,113759,1963,1,0.01726,0.001
ad_0263,Натуральное средство для стройности. Простой заказ онлайн,nutra,DE,133279,1885,1,0.01415,0.00086
ad_0264,"Похудей на 10кг без спорта и диет! 10,000+ довольных клиентов. Закажи сейчас",nutra,ID,61955,2884,6,0.04655,0.00213
ad_0265,Ставки на спорт с коэфами до 5x. 200€€ фрибет — только 7 дней!,betting,PH,184746,5736,10,0.03105,0.00189
ad_0266,Ставки на спорт. Бонусы и акции для клиентов,betting,MX,174037,1848,1,0.01062,0.00074
ad_0267,"Букмекер с лицензией. 50,000+ видов спорта. Фрибет до 200%€",betting,US,37023,1139,3,0.03077,0.00312
ad_0268,Букмекерская контора. Ставки на спорт онлайн. Регистрация,betting,DE,60602,1005,1,0.01659,0.00148
ad_0269,"Минус 8кг за 3 дней! 100,000+ отзывов. Скидка 40% только сегодня 🔥",nutra,IT,153000,18329,110,0.1198,0.00605
ad_0270,Лучшее онлайн казино для вас. Попробуйте свою удачу сегодня,gambling,DE,150282,4649,8,0.03094,0.00176
ad_0271,⚡ ГОРЯЩЕЕ ПРЕДЛОЖЕНИЕ: 200€ бонус + 100 фриспинов. Осталось 24ч,gambling,IT,43680,2951,24,0.06757,0.00833
ad_0272,"Похудей на 8кг без спорта и диет! 50,000+ довольных клиентов. Закажи сейчас",nutra,US,146614,6895,15,0.04703,0.00222
ad_0273,LIVE ставки на Champions League! Бонус 50€€ + кэшбэк 10%. Начни сейчас 🔥,betting,GB,8895,715,5,0.08046,0.00757
ad_0274,Лучшие коэффициенты на Champions League. Начни с бонуса 200%€,betting,BR,50677,1024,1,0.02022,0.00169
ad_0275,"5,000+ событий каждый день. Фрибет 50€€ при регистрации. Успей забрать!",betting,US,142910,8787,51,0.06149,0.00587
ad_0276,"Попробуй удачу в 100,000+ играх. Быстрые выплаты, бонус 500€",gambling,DE,139542,9269,53,0.06643,0.00574
ad_0277,"KetoMax — проверенное средство. 1,000+ положительных отзывов",nutra,DE,166246,9116,26,0.05484,0.00291
ad_0278,"Выиграй до 10,000€ с бонусом 500€! Начни с 5€ депозита",gambling,MX,130562,3142,5,0.02407,0.00169
ad_0279,Букмекерская контора. Ставки на спорт онлайн. Регистрация,betting,ID,33301,409,0,0.0123,0.00108
ad_0280,LIVE ставки на La Liga! Бонус 100%€ + кэшбэк 20%. Начни сейчас 🔥,betting,PH,43884,1577,10,0.03595,0.0067
ad_0281,"Выиграй до 100,000€ с бонусом 100€! Начни с 10€ депозита",gambling,GB,161602,9104,37,0.05634,0.00409
ad_0282,"NaturThin — проверенное средство. 1,000+ положительных отзывов",nutra,IN,30999,1054,1,0.03403,0.00181
ad_0283,Натуральное средство для стройности. Простой заказ онлайн,nutra,DE,176629,2255,1,0.01277,0.00057
ad_0284,Худейте эффективно с нашим продуктом. Доставка по всей стране,nutra,MX,61367,609,0,0.00993,0.00054
ad_0285,Ставки на спорт. Бонусы и акции для клиентов,betting,PH,64898,563,0,0.00868,0.00144
ad_0286,Букмекер онлайн. Множество событий для ставок каждый день,betting,TR,123882,1249,1,0.01009,0.00094
ad_0287,Делайте ставки на спортивные события. Широкая линия,betting,ID,29926,379,0,0.01268,0.00065
ad_0288,Ставки на La Liga и другие лиги. Бонус 50€€ для новых клиентов,betting,ID,103120,2514,7,0.02438,0.00307
ad_0289,Получи 100% фриспинов прямо сейчас! Регистрация за 30 секунд 🔥,gambling,PH,27377,737,2,0.02695,0.00304
ad_0290,Получи 50€ фриспинов прямо сейчас! Регистрация за 30 секунд 🔥,gambling,ID,198670,9136,29,0.04599,0.00325
ad_0291,"Спортивные ставки онлайн. Бонус 100%€, вывод за 24 часа",betting,GB,158738,5727,40,0.03608,0.00713
ad_0292,Эффективное средство для похудения. Скидка 30% на первый заказ,nutra,MX,112691,3474,6,0.03083,0.00199
ad_0293,Букмекер онлайн. Множество событий для ставок каждый день,betting,ID,194021,1493,0,0.0077,0.0006
ad_0294,Надёжное казино с быстрыми выплатами. До 200% бонус на депозит,gambling,IN,97181,2603,4,0.02679,0.00166
ad_0295,"Играй в лучшие слоты. Бонус 150%, вейджер x35. Регистрируйся",gambling,IT,177159,5185,10,0.02927,0.00203
ad_0296,Букмекер онлайн. Множество событий для ставок каждый день,betting,BR,33368,399,0,0.01198,0.00132
ad_0297,Ставки на La Liga и другие лиги. Бонус 100%€ для новых клиентов,betting,MX,155496,5344,15,0.03437,0.00295
ad_0298,Лучшее онлайн казино для вас. Попробуйте свою удачу сегодня,gambling,ID,152053,1932,1,0.01271,0.00076
ad_0299,Средство для похудения. Натуральные компоненты. Закажите,nutra,IT,173479,3547,4,0.02045,0.00137
ad_0300,Снижение веса естественным путём. Закажи BurnPro сегодня,nutra,US,12589,656,1,0.05211,0.00237
ad_0301,Играйте в казино онлайн. Множество слотов и настольных игр,gambling,IN,85998,1186,1,0.0138,0.00166
ad_0302,⚽ Фрибет 150%€ без условий! Ставь на Premier League сегодня. Коэфы до 50x,betting,TR,23241,1050,8,0.04519,0.00794
ad_0303,Получи 50€ фриспинов прямо сейчас! Регистрация за 30 секунд 🔥,gambling,US,144062,10033,38,0.06965,0.00384
ad_0304,"Казино с лицензией. 100,000+ игр. Бонус до 500€ для новых игроков",gambling,ID,46263,751,1,0.01625,0.00204
ad_0305,Делайте ставки на спортивные события. Широкая линия,betting,IN,90035,1009,1,0.01121,0.0011
ad_0306,Врачи в шоке: этот метод убирает 5кг без диет. Успей со скидкой 40%!,nutra,IT,46264,3205,9,0.06929,0.00297
ad_0307,Средство для похудения. Натуральные компоненты. Закажите,nutra,US,26386,1445,4,0.05477,0.00342
ad_0308,Букмекерская контора. Ставки на спорт онлайн. Регистрация,betting,PH,116152,1227,1,0.01057,0.00131
ad_0309,"Делай ставки на спорт. Высокие коэффициенты, быстрые выплаты",betting,IT,113575,3630,12,0.03197,0.00342
ad_0310,Спортивные ставки для всех. Простая регистрация. Начните сегодня,betting,BR,139308,1799,2,0.01292,0.00149
ad_0311,"Казино с лицензией. 100,000+ игр. Бонус до 100% для новых игроков",gambling,TR,182790,7987,41,0.0437,0.00523
ad_0312,"BurnPro — проверенное средство. 1,000+ положительных отзывов",nutra,IT,16905,1057,3,0.06255,0.00322
ad_0313,Надёжное казино с быстрыми выплатами. До 100% бонус на депозит,gambling,ID,7015,129,0,0.01841,0.00142
ad_0314,⚡ ГОРЯЩЕЕ ПРЕДЛОЖЕНИЕ: 200€ бонус + 100 фриспинов. Осталось 24ч,gambling,IN,80876,2912,11,0.03601,0.004
ad_0315,⚽ Фрибет 500€€ без условий! Ставь на Bundesliga сегодня. Коэфы до 10x,betting,DE,38865,1778,12,0.04576,0.00724
ad_0316,Делайте ставки на спортивные события. Широкая линия,betting,MX,65322,746,0,0.01143,0.00101
ad_0317,Натуральное средство для стройности. Простой заказ онлайн,nutra,MX,180124,1858,0,0.01032,0.00038
ad_0318,"Букмекер с лицензией. 10,000+ видов спорта. Фрибет до 200€€",betting,DE,119352,4901,20,0.04107,0.0042
ad_0319,Добро пожаловать в мир азарта. Играйте и выигрывайте призы,gambling,PH,25411,154,0,0.00608,0.00033
ad_0320,"Букмекер с лицензией. 5,000+ видов спорта. Фрибет до 100€€",betting,IT,190990,4891,20,0.02561,0.00423
ad_0321,"Похудей на 12кг без спорта и диет! 10,000+ довольных клиентов. Закажи сейчас",nutra,ID,10467,427,0,0.04088,0.00156
ad_0322,Спортивные ставки для всех. Простая регистрация. Начните сегодня,betting,GB,167037,3861,8,0.02312,0.00213
ad_0323,LIVE ставки на Champions League! Бонус 500€€ + кэшбэк 10%. Начни сейчас 🔥,betting,TR,119209,2369,4,0.01988,0.00196
ad_0324,Похудение без диет. NaturThin со скидкой 30%. Бесплатная доставка,nutra,ID,86336,1740,2,0.02016,0.00149
ad_0325,Известный блогер раскрыл секрет: минус 8кг за 7 дней. Попробуй бесплатно!,nutra,TR,138820,6721,27,0.04842,0.00407
ad_0326,Похудение без диет. KetoMax со скидкой 70%. Бесплатная доставка,nutra,DE,96586,3561,5,0.03687,0.00159
ad_0327,Ставки на спорт с коэфами до 20x. 100%€ фрибет — только 5 дней!,betting,GB,56713,5950,63,0.10493,0.01068
ad_0328,"10,000+ игроков уже выиграли сегодня. Твоя очередь! Бонус 200€",gambling,IT,51437,3344,17,0.06503,0.00516
ad_0329,"NaturThin — проверенное средство. 1,000+ положительных отзывов",nutra,PH,183555,4860,7,0.02648,0.00152
ad_0330,Эффективное средство для похудения. Скидка 50% на первый заказ,nutra,IT,44572,1517,2,0.03404,0.00173
ad_0331,"Делай ставки на спорт. Высокие коэффициенты, быстрые выплаты",betting,DE,120922,4079,11,0.03374,0.00287
ad_0332,Продукт для снижения веса. Попробуйте и оцените результат,nutra,IN,77004,750,0,0.00975,0.0006
ad_0333,Эффективное средство для похудения. Скидка 70% на первый заказ,nutra,US,24448,1171,5,0.04792,0.00451
ad_0334,"Делай ставки на спорт. Высокие коэффициенты, быстрые выплаты",betting,PH,14858,130,0,0.00877,0.00122
ad_0335,Лучшее онлайн казино для вас. Попробуйте свою удачу сегодня,gambling,TR,80255,1605,1,0.02,0.00086
ad_0336,Надёжное казино с быстрыми выплатами. До 100€ бонус на депозит,gambling,DE,137924,5511,15,0.03996,0.00286
ad_0337,Лучшие коэффициенты на Champions League. Начни с бонуса 100€€,betting,PH,122894,1194,0,0.00972,0.00077
ad_0338,Эффективное средство для похудения. Скидка 70% на первый заказ,nutra,BR,129683,3087,7,0.02381,0.00242
ad_0339,"Минус 10кг за 2 дней! 10,000+ отзывов. Скидка 30% только сегодня 🔥",nutra,GB,137264,20194,261,0.14712,0.01293
ad_0340,"Минус 12кг за 5 дней! 5,000+ отзывов. Скидка 70% только сегодня 🔥",nutra,GB,142035,19808,118,0.13946,0.00596
ad_0341,Эффективное средство для похудения. Скидка 50% на первый заказ,nutra,GB,79158,3409,10,0.04307,0.00299
ad_0342,Спортивные ставки для всех. Простая регистрация. Начните сегодня,betting,ID,93700,882,1,0.00942,0.00117
ad_0343,"Минус 10кг за 7 дней! 10,000+ отзывов. Скидка 30% только сегодня 🔥",nutra,IT,151266,13269,62,0.08772,0.0047
ad_0344,"Похудей на 15кг без спорта и диет! 100,000+ довольных клиентов. Закажи сейчас",nutra,ID,44419,2314,8,0.05211,0.00357
ad_0345,Лучшие коэффициенты на Premier League. Начни с бонуса 50€€,betting,DE,96703,2442,8,0.02526,0.00358
ad_0346,"10,000+ событий каждый день. Фрибет 100€€ при регистрации. Успей забрать!",betting,ID,86155,1978,5,0.02296,0.00276
ad_0347,Средство для похудения. Натуральные компоненты. Закажите,nutra,ID,91108,1569,1,0.01723,0.00094
ad_0348,Получи 50€ фриспинов прямо сейчас! Регистрация за 30 секунд 🔥,gambling,MX,180756,9561,27,0.0529,0.00291
ad_0349,Ставки на La Liga и другие лиги. Бонус 100%€ для новых клиентов,betting,MX,85967,2872,9,0.03341,0.00316
ad_0350,Лучшие слоты онлайн. Бонус 200€ на первый депозит. Играй сейчас,gambling,BR,132473,4315,15,0.03258,0.00357
ad_0351,"10,000+ игроков уже выиграли сегодня. Твоя очередь! Бонус 150%",gambling,BR,82540,3588,8,0.04347,0.00228
ad_0352,Казино с бонусами. Регистрация бесплатна. Начните играть,gambling,MX,146497,1265,1,0.00864,0.00083
ad_0353,"Минус 8кг за 7 дней! 1,000+ отзывов. Скидка 70% только сегодня 🔥",nutra,MX,103754,5263,27,0.05073,0.00515
ad_0354,"1,000+ игроков уже выиграли сегодня. Твоя очередь! Бонус 200€",gambling,GB,48395,2329,14,0.04813,0.00641
ad_0355,"Минус 8кг за 2 дней! 100,000+ отзывов. Скидка 60% только сегодня 🔥",nutra,PH,165063,9725,33,0.05892,0.00343
ad_0356,Ставки на спорт с коэфами до 20x. 100€€ фрибет — только 5 дней!,betting,PH,127949,2955,7,0.0231,0.0026
ad_0357,Онлайн казино. Широкий выбор игр. Бонусы для игроков,gambling,TR,154532,2571,4,0.01664,0.00185
ad_0358,Спортивные ставки для всех. Простая регистрация. Начните сегодня,betting,PH,78864,957,1,0.01214,0.00127
ad_0359,"Спортивные ставки онлайн. Бонус 500€€, вывод за 24 часа",betting,MX,47482,801,1,0.01688,0.00166
ad_0360,"100,000+ игроков уже выиграли сегодня. Твоя очередь! Бонус 200€",gambling,IT,18678,1307,4,0.06998,0.00335
ad_0361,Натуральное средство для стройности. Простой заказ онлайн,nutra,PH,102311,776,0,0.00759,0.00057
ad_0362,Худейте эффективно с нашим продуктом. Доставка по всей стране,nutra,DE,140242,3713,5,0.02648,0.0015
ad_0363,Получи 200€ фриспинов прямо сейчас! Регистрация за 30 секунд 🔥,gambling,IN,47024,1842,6,0.03919,0.00348
ad_0364,Ставки на спорт. Бонусы и акции для клиентов,betting,PH,139572,1053,0,0.00755,0.0006
ad_0365,Получи 150% фриспинов прямо сейчас! Регистрация за 30 секунд 🔥,gambling,ID,123260,5470,14,0.04438,0.00265
ad_0366,"Букмекер с лицензией. 5,000+ видов спорта. Фрибет до 100%€",betting,US,136598,5478,13,0.04011,0.00241
ad_0367,"Букмекер с лицензией. 100,000+ видов спорта. Фрибет до 100%€",betting,BR,63861,1840,6,0.02882,0.00332
ad_0368,Добро пожаловать в мир азарта. Играйте и выигрывайте призы,gambling,TR,30974,323,0,0.01045,0.00112
ad_0369,Продукт для снижения веса. Попробуйте и оцените результат,nutra,TR,43285,892,1,0.02062,0.00168
ad_0370,"Выиграй до 1,000,000€ с бонусом 200€! Начни с 20€ депозита",gambling,US,41383,1230,1,0.02974,0.00162
ad_0371,"SlimFit — проверенное средство. 1,000+ положительных отзывов",nutra,PH,25768,555,0,0.02156,0.0013
ad_0372,⚡ ГОРЯЩЕЕ ПРЕДЛОЖЕНИЕ: 200€ бонус + 100 фриспинов. Осталось 48ч,gambling,IN,34146,1380,3,0.04042,0.0026
ad_0373,"🏆 10,000 тысяч игроков выбрали нас. Фрибет 100%€. Присоединяйся!",betting,BR,67505,2426,6,0.03594,0.00287
ad_0374,"Делай ставки на спорт. Высокие коэффициенты, быстрые выплаты",betting,IT,21464,522,0,0.02433,0.0016
ad_0375,Надёжное казино с быстрыми выплатами. До 100€ бонус на депозит,gambling,PH,9308,160,0,0.01728,0.00092
ad_0376,Снижение веса естественным путём. Закажи KetoMax сегодня,nutra,MX,193362,3768,6,0.01949,0.0016
ad_0377,"Казино с лицензией. 1,000+ игр. Бонус до 100% для новых игроков",gambling,IN,97488,1799,5,0.01846,0.00325
ad_0378,"Казино с лицензией. 10,000+ игр. Бонус до 150% для новых игроков",gambling,IT,142228,6275,23,0.04412,0.00373
ad_0379,"Спортивные ставки онлайн. Бонус 100€€, вывод за 24 часа",betting,DE,137992,3292,9,0.02386,0.00294
ad_0380,"Минус 5кг за 2 дней! 5,000+ отзывов. Скидка 60% только сегодня 🔥",nutra,MX,102858,6222,23,0.0605,0.00377
ad_0381,Ставки на Champions League и другие лиги. Бонус 200€€ для новых клиентов,betting,US,95387,8314,70,0.08717,0.00847
ad_0382,Казино с бонусами. Регистрация бесплатна. Начните играть,gambling,DE,157542,4283,7,0.02719,0.00176
ad_0383,"⚡ ПОСЛЕДНИЙ ДЕНЬ: BurnPro со скидкой 50%. Уже 10,000+ заказов",nutra,TR,173505,10254,61,0.0591,0.00603
ad_0384,Играйте в казино онлайн. Множество слотов и настольных игр,gambling,PH,130444,1237,1,0.00949,0.00131
ad_0385,Продукт для снижения веса. Попробуйте и оцените результат,nutra,GB,40350,1169,1,0.02899,0.00147
ad_0386,🎰 200% бонус на первый депозит! Только 5 дней. Играй и выигрывай!,gambling,PH,16483,865,4,0.05251,0.00562
ad_0387,Лучшие слоты онлайн. Бонус 200% на первый депозит. Играй сейчас,gambling,US,140104,9873,34,0.07047,0.00352
ad_0388,"Делай ставки на спорт. Высокие коэффициенты, быстрые выплаты",betting,MX,71404,1265,2,0.01773,0.00165
ad_0389,"Выиграй до 10,000€ с бонусом 200%! Начни с 20€ депозита",gambling,BR,92012,2619,7,0.02847,0.00274
ad_0390,Спортивные ставки для всех. Простая регистрация. Начните сегодня,betting,DE,101474,2504,4,0.02468,0.00165
ad_0391,Делайте ставки на спортивные события. Широкая линия,betting,ID,120274,1362,1,0.01133,0.00136
ad_0392,"5,000+ событий каждый день. Фрибет 500€€ при регистрации. Успей забрать!",betting,TR,101297,3775,19,0.03727,0.00515
ad_0393,Продукт для снижения веса. Попробуйте и оцените результат,nutra,IN,26656,382,0,0.01436,0.00099
ad_0394,Врачи в шоке: этот метод убирает 12кг без диет. Успей со скидкой 70%!,nutra,ID,52305,2158,3,0.04126,0.0015
ad_0395,Эффективное средство для похудения. Скидка 30% на первый заказ,nutra,IN,25989,681,1,0.02624,0.00168
ad_0396,"🏆 1,000 тысяч игроков выбрали нас. Фрибет 500€€. Присоединяйся!",betting,IN,193131,5316,9,0.02753,0.00188
ad_0397,Делайте ставки на спортивные события. Широкая линия,betting,GB,121367,1836,3,0.01513,0.00208
ad_0398,⚽ Фрибет 50€€ без условий! Ставь на La Liga сегодня. Коэфы до 50x,betting,PH,76973,2662,11,0.03459,0.00424
ad_0399,Врачи в шоке: этот метод убирает 12кг без диет. Успей со скидкой 50%!,nutra,US,139502,11800,60,0.08459,0.00512
ad_0400,"Минус 12кг за 5 дней! 1,000+ отзывов. Скидка 30% только сегодня 🔥",nutra,GB,38090,5607,42,0.14722,0.00757
ad_0401,Казино с бонусами. Регистрация бесплатна. Начните играть,gambling,BR,174125,2425,2,0.01393,0.00097
ad_0402,"Букмекер с лицензией. 10,000+ видов спорта. Фрибет до 100€€",betting,TR,163621,2861,4,0.01749,0.00159
ad_0403,Лучшие слоты онлайн. Бонус 200% на первый депозит. Играй сейчас,gambling,PH,121376,3572,7,0.02943,0.00204
ad_0404,"100,000+ игроков уже выиграли сегодня. Твоя очередь! Бонус 100€",gambling,IT,109342,9698,52,0.0887,0.00543
ad_0405,Ставки на спорт с коэфами до 10x. 100%€ фрибет — только 3 дней!,betting,IN,135821,3430,7,0.02526,0.00221
ad_0406,Начните путь к стройности сегодня. Наш продукт поможет вам,nutra,ID,152239,3069,3,0.02016,0.00128
ad_0407,Казино с бонусами. Регистрация бесплатна. Начните играть,gambling,IN,73233,966,0,0.0132,0.00068
ad_0408,Известный блогер раскрыл секрет: минус 12кг за 7 дней. Попробуй бесплатно!,nutra,PH,37148,1038,2,0.02795,0.00219
ad_0409,"Попробуй удачу в 5,000+ играх. Быстрые выплаты, бонус 150%",gambling,DE,28013,1418,7,0.05064,0.00558
ad_0410,Средство для похудения. Натуральные компоненты. Закажите,nutra,TR,96075,1350,1,0.01406,0.00129
ad_0411,Похудение без диет. BurnPro со скидкой 70%. Бесплатная доставка,nutra,DE,83631,5858,22,0.07005,0.00377
ad_0412,Казино с бонусами. Регистрация бесплатна. Начните играть,gambling,GB,99763,1896,4,0.01901,0.00235
ad_0413,Врачи в шоке: этот метод убирает 8кг без диет. Успей со скидкой 40%!,nutra,BR,67058,5144,20,0.07671,0.00393
ad_0414,Ставки на Serie A и другие лиги. Бонус 100€€ для новых клиентов,betting,US,101707,4208,15,0.04138,0.0038
ad_0415,"10,000+ событий каждый день. Фрибет 100€€ при регистрации. Успей забрать!",betting,MX,22235,551,1,0.0248,0.00188
ad_0416,Делайте ставки на спортивные события. Широкая линия,betting,ID,193447,1551,0,0.00802,0.00064
ad_0417,"Букмекер с лицензией. 5,000+ видов спорта. Фрибет до 200€€",betting,MX,155706,3224,7,0.02071,0.00222
ad_0418,Лучшие слоты онлайн. Бонус 50€ на первый депозит. Играй сейчас,gambling,GB,24441,2088,10,0.08547,0.00507
ad_0419,Букмекерская контора. Ставки на спорт онлайн. Регистрация,betting,PH,140622,1850,2,0.01316,0.00123
ad_0420,Ставки на спорт. Бонусы и акции для клиентов,betting,GB,149520,2658,5,0.01778,0.00218
ad_0421,"⚡ ПОСЛЕДНИЙ ДЕНЬ: SlimFit со скидкой 60%. Уже 50,000+ заказов",nutra,IT,37548,2415,10,0.06432,0.00433
ad_0422,"Похудей на 8кг без спорта и диет! 50,000+ довольных клиентов. Закажи сейчас",nutra,GB,89583,7834,47,0.08746,0.00608
ad_0423,Эффективное средство для похудения. Скидка 70% на первый заказ,nutra,BR,79461,2684,11,0.03378,0.00423
ad_0424,⚡ ГОРЯЩЕЕ ПРЕДЛОЖЕНИЕ: 50€ бонус + 200 фриспинов. Осталось 12ч,gambling,IN,168845,5112,10,0.03028,0.00207
ad_0425,"Спортивные ставки онлайн. Бонус 100%€, вывод за 24 часа",betting,IT,136746,2883,5,0.02109,0.00179
ad_0426,Снижение веса естественным путём. Закажи KetoMax сегодня,nutra,GB,49879,1763,5,0.03536,0.00303
ad_0427,Худейте эффективно с нашим продуктом. Доставка по всей стране,nutra,IT,163633,4935,7,0.03016,0.00152
ad_0428,⚽ Фрибет 200€€ без условий! Ставь на Champions League сегодня. Коэфы до 5x,betting,IT,16917,799,4,0.04728,0.00545
ad_0429,"Похудей на 15кг без спорта и диет! 50,000+ довольных клиентов. Закажи сейчас",nutra,IT,114205,6676,28,0.05846,0.00424
ad_0430,"BurnPro — проверенное средство. 1,000+ положительных отзывов",nutra,US,173272,9952,21,0.05744,0.00219
ad_0431,Ставки на спорт с коэфами до 20x. 200€€ фрибет — только 2 дней!,betting,PH,123893,4828,32,0.03897,0.00668
ad_0432,"5,000+ игроков уже выиграли сегодня. Твоя очередь! Бонус 500€",gambling,US,131943,9535,49,0.07227,0.00515
ad_0433,Ставки на Premier League и другие лиги. Бонус 100€€ для новых клиентов,betting,BR,86941,2641,8,0.03038,0.00336
ad_0434,Худейте эффективно с нашим продуктом. Доставка по всей стране,nutra,TR,95536,1667,3,0.01745,0.00191
ad_0435,Спортивные ставки для всех. Простая регистрация. Начните сегодня,betting,GB,102134,2403,4,0.02353,0.00185
ad_0436,Врачи в шоке: этот метод убирает 10кг без диет. Успей со скидкой 40%!,nutra,MX,127282,4368,7,0.03432,0.00165
ad_0437,"Попробуй удачу в 50,000+ играх. Быстрые выплаты, бонус 150%",gambling,IN,30378,747,2,0.0246,0.00337
ad_0438,"Казино с лицензией. 1,000+ игр. Бонус до 200€ для новых игроков",gambling,IN,114611,2356,4,0.02056,0.00176
ad_0439,Лучшее онлайн казино для вас. Попробуйте свою удачу сегодня,gambling,GB,90835,2366,7,0.02605,0.00298
ad_0440,Фитнес-тренер раскрыл секрет: минус 12кг за 5 дней. Попробуй бесплатно!,nutra,TR,127372,7307,21,0.05737,0.00294
ad_0441,"Делай ставки на спорт. Высокие коэффициенты, быстрые выплаты",betting,IN,11075,166,0,0.01505,0.00206
ad_0442,"Играй в лучшие слоты. Бонус 500€, вейджер x35. Регистрируйся",gambling,ID,61398,1360,4,0.02216,0.00309
ad_0443,"Минус 12кг за 3 дней! 100,000+ отзывов. Скидка 70% только сегодня 🔥",nutra,TR,176510,13317,54,0.07545,0.00406
ad_0444,"Похудей на 5кг без спорта и диет! 1,000+ довольных клиентов. Закажи сейчас",nutra,PH,33179,1548,6,0.04668,0.00391
ad_0445,Ставки на спорт. Бонусы и акции для клиентов,betting,GB,74329,1642,4,0.0221,0.00257
ad_0446,Продукт для снижения веса. Попробуйте и оцените результат,nutra,TR,110710,1966,2,0.01776,0.00151
ad_0447,"Букмекер с лицензией. 1,000+ видов спорта. Фрибет до 100%€",betting,US,152276,7790,48,0.05116,0.00622
ad_0448,"Играй в лучшие слоты. Бонус 200%, вейджер x30. Регистрируйся",gambling,TR,106279,2051,3,0.0193,0.00161
ad_0449,Продукт для снижения веса. Попробуйте и оцените результат,nutra,PH,149141,2350,1,0.01576,0.00074
ad_0450,Букмекерская контора. Ставки на спорт онлайн. Регистрация,betting,IT,165181,3105,5,0.0188,0.00167
ad_0451,Получи 500€ фриспинов прямо сейчас! Регистрация за 30 секунд 🔥,gambling,GB,102831,8416,80,0.08185,0.00961
ad_0452,Ставки на Premier League и другие лиги. Бонус 200€€ для новых клиентов,betting,MX,57181,1590,4,0.02782,0.00282
ad_0453,Натуральный продукт для снижения веса. До минус 15кг за месяц,nutra,MX,15552,308,0,0.01983,0.00149
ad_0454,"100,000+ игроков уже выиграли сегодня. Твоя очередь! Бонус 50€",gambling,US,129189,12788,193,0.09899,0.01515
ad_0455,"⚡ ПОСЛЕДНИЙ ДЕНЬ: KetoMax со скидкой 70%. Уже 1,000+ заказов",nutra,PH,90974,4304,13,0.04732,0.00303
ad_0456,"⚡ ПОСЛЕДНИЙ ДЕНЬ: BurnPro со скидкой 70%. Уже 5,000+ заказов",nutra,TR,160641,10192,62,0.06345,0.00611
ad_0457,Букмекер онлайн. Множество событий для ставок каждый день,betting,MX,138618,1348,1,0.00973,0.00106
ad_0458,Худейте эффективно с нашим продуктом. Доставка по всей стране,nutra,PH,152567,2253,2,0.01477,0.00094
ad_0459,Букмекер онлайн. Множество событий для ставок каждый день,betting,PH,9361,66,0,0.00713,0.00076
ad_0460,Букмекерская контора. Ставки на спорт онлайн. Регистрация,betting,TR,33732,529,0,0.01569,0.00115
ad_0461,"🏆 10,000 тысяч игроков выбрали нас. Фрибет 200€€. Присоединяйся!",betting,IT,161476,7158,25,0.04433,0.00359
ad_0462,Букмекерская контора. Ставки на спорт онлайн. Регистрация,betting,IN,156643,2172,1,0.01387,0.00088
ad_0463,Худейте эффективно с нашим продуктом. Доставка по всей стране,nutra,BR,18462,271,0,0.01471,0.00099
ad_0464,"⚡ ПОСЛЕДНИЙ ДЕНЬ: NaturThin со скидкой 70%. Уже 1,000+ заказов",nutra,PH,43738,3305,14,0.07558,0.00445
ad_0465,"Минус 5кг за 3 дней! 50,000+ отзывов. Скидка 60% только сегодня 🔥",nutra,BR,87232,5657,38,0.06486,0.00684
ad_0466,"Букмекер с лицензией. 50,000+ видов спорта. Фрибет до 50€€",betting,GB,112577,2729,3,0.02425,0.00125
ad_0467,Начните путь к стройности сегодня. Наш продукт поможет вам,nutra,IT,128628,3101,3,0.02411,0.00124
ad_0468,Худейте эффективно с нашим продуктом. Доставка по всей стране,nutra,US,41197,877,1,0.02129,0.00158
ad_0469,Похудение без диет. NaturThin со скидкой 50%. Бесплатная доставка,nutra,BR,142750,3988,5,0.02794,0.00142
ad_0470,"1,000+ событий каждый день. Фрибет 500€€ при регистрации. Успей забрать!",betting,TR,94738,2229,6,0.02353,0.00306
ad_0471,Средство для похудения. Натуральные компоненты. Закажите,nutra,TR,193986,3650,4,0.01882,0.0011
ad_0472,Снижение веса естественным путём. Закажи NaturThin сегодня,nutra,IN,55400,1749,2,0.03158,0.00137
ad_0473,"Играй в лучшие слоты. Бонус 200%, вейджер x35. Регистрируйся",gambling,IN,83017,977,0,0.01178,0.00077
ad_0474,Делайте ставки на спортивные события. Широкая линия,betting,BR,189808,2380,3,0.01254,0.00135
ad_0475,"Делай ставки на спорт. Высокие коэффициенты, быстрые выплаты",betting,TR,96436,1801,3,0.01868,0.00208
ad_0476,"Похудей на 15кг без спорта и диет! 10,000+ довольных клиентов. Закажи сейчас",nutra,IN,182372,5370,14,0.02945,0.00272
ad_0477,Начните путь к стройности сегодня. Наш продукт поможет вам,nutra,ID,108424,1490,1,0.01375,0.00115
ad_0478,"🏆 100,000 тысяч игроков выбрали нас. Фрибет 100%€. Присоединяйся!",betting,GB,192207,11222,75,0.05839,0.0067
ad_0479,Добро пожаловать в мир азарта. Играйте и выигрывайте призы,gambling,TR,120966,1366,1,0.0113,0.00103
ad_0480,Худейте эффективно с нашим продуктом. Доставка по всей стране,nutra,IN,130587,1945,2,0.0149,0.00133
ad_0481,Лучшее онлайн казино для вас. Попробуйте свою удачу сегодня,gambling,BR,146184,2569,4,0.01758,0.00174
ad_0482,Делайте ставки на спортивные события. Широкая линия,betting,MX,76203,886,1,0.01163,0.00179
ad_0483,Надёжное казино с быстрыми выплатами. До 50€ бонус на депозит,gambling,DE,158834,5838,29,0.03676,0.00505
ad_0484,🎰 50€ бонус на первый депозит! Только 5 дней. Играй и выигрывай!,gambling,BR,172233,10191,31,0.05917,0.00308
ad_0485,Получи 500€ фриспинов прямо сейчас! Регистрация за 30 секунд 🔥,gambling,US,91584,7991,45,0.08726,0.00569
ad_0486,Врачи в шоке: этот метод убирает 8кг без диет. Успей со скидкой 30%!,nutra,PH,149271,7139,16,0.04783,0.00236
ad_0487,Онлайн казино. Широкий выбор игр. Бонусы для игроков,gambling,ID,129701,1809,1,0.01395,0.00063
ad_0488,Спортивные ставки для всех. Простая регистрация. Начните сегодня,betting,BR,80299,1128,0,0.01405,0.00068
ad_0489,Букмекерская контора. Ставки на спорт онлайн. Регистрация,betting,IN,20509,141,0,0.00692,0.00087
ad_0490,⚡ ГОРЯЩЕЕ ПРЕДЛОЖЕНИЕ: 100€ бонус + 50 фриспинов. Осталось 12ч,gambling,IT,114546,8251,54,0.07204,0.00655
ad_0491,Лучшее онлайн казино для вас. Попробуйте свою удачу сегодня,gambling,US,109069,2329,3,0.02136,0.00168
ad_0492,Ставки на спорт. Бонусы и акции для клиентов,betting,GB,80882,1454,1,0.01798,0.00127
ad_0493,"Выиграй до 10,000€ с бонусом 100€! Начни с 10€ депозита",gambling,US,79596,5461,38,0.06862,0.00714
ad_0494,"Спортивные ставки онлайн. Бонус 500€€, вывод за 24 часа",betting,MX,40179,702,1,0.01749,0.00176
ad_0495,"Похудей на 5кг без спорта и диет! 50,000+ довольных клиентов. Закажи сейчас",nutra,PH,91686,3889,5,0.04242,0.00138
ad_0496,Онлайн казино. Широкий выбор игр. Бонусы для игроков,gambling,PH,72440,980,0,0.01354,0.00088
ad_0497,"Минус 15кг за 7 дней! 100,000+ отзывов. Скидка 40% только сегодня 🔥",nutra,GB,51004,4623,23,0.09064,0.005
ad_0498,Натуральное средство для стройности. Простой заказ онлайн,nutra,ID,117119,2113,2,0.01805,0.00131
ad_0499,Врачи в шоке: этот метод убирает 12кг без диет. Успей со скидкой 30%!,nutra,TR,53439,2095,5,0.03921,0.00279
